{
  "_comment": "由 scripts/gen_golden_charts.py 生成,勿手改。",
  "nDays": 105,
  "samples": [
    {
      "id": "zero",
      "货号": null,
      "small": {
        "ylim": [
          -1.0,
          1.0
        ],
        "xlim": [
          -0.5,
          104.5
        ],
        "calcSize": [
          407.4888888888889,
          115.98888888888887
        ],
        "axesPx": {
          "x0": 8.8,
          "y0": 8.799999999999997,
          "w": 389.88888888888886,
          "h": 98.38888888888887
        },
        "probe": {
          "p0": {
            "data": [
              0,
              0
            ],
            "px": [
              10.656613756613757,
              57.994444444444426
            ]
          },
          "pEnd": {
            "data": [
              104,
              0.0
            ],
            "px": [
              396.83227513227513,
              57.994444444444426
            ]
          }
        },
        "pngSize": [
          407,
          115
        ]
      },
      "detail": {
        "ylim": [
          -1.0,
          1.0
        ],
        "xlim": [
          -0.5,
          104.5
        ],
        "calcSize": [
          713.3323172713531,
          207.77777777777777
        ],
        "axesPx": {
          "x0": 49.652777777777786,
          "y0": 15.277777777777771,
          "w": 639.1467063492065,
          "h": 159.80555555555557
        },
        "tickPos": [
          0,
          10,
          20,
          30,
          40,
          50,
          60,
          70,
          80,
          90,
          100,
          104
        ],
        "tickLabels": [
          "01-01",
          "01-11",
          "01-21",
          "01-31",
          "02-10",
          "02-20",
          "03-02",
          "03-12",
          "03-22",
          "04-01",
          "04-11",
          "04-15"
        ],
        "yticks": [
          -1.0,
          -0.5,
          0.0,
          0.5,
          1.0
        ],
        "ytickLabels": [
          "−1.0",
          "−0.5",
          "0.0",
          "0.5",
          "1.0"
        ],
        "probe": {
          "p0": {
            "data": [
              0,
              0
            ],
            "px": [
              52.69633352229782,
              95.18055555555554
            ]
          },
          "pEnd": {
            "data": [
              104,
              0.0
            ],
            "px": [
              685.7559283824644,
              95.18055555555554
            ]
          }
        },
        "pngSize": [
          713,
          206
        ]
      }
    },
    {
      "id": "item_FA8855半裙",
      "货号": "FA8855半裙",
      "small": {
        "ylim": [
          -0.3,
          2.2
        ],
        "xlim": [
          -0.5,
          104.5
        ],
        "calcSize": [
          407.4888888888889,
          115.98888888888887
        ],
        "axesPx": {
          "x0": 8.8,
          "y0": 8.799999999999997,
          "w": 389.88888888888886,
          "h": 98.38888888888887
        },
        "probe": {
          "p0": {
            "data": [
              0,
              0
            ],
            "px": [
              10.656613756613757,
              95.3822222222222
            ]
          },
          "pEnd": {
            "data": [
              104,
              1.0
            ],
            "px": [
              396.83227513227513,
              56.02666666666665
            ]
          }
        },
        "pngSize": [
          407,
          115
        ]
      },
      "detail": {
        "ylim": [
          -0.2,
          2.3
        ],
        "xlim": [
          -0.5,
          104.5
        ],
        "calcSize": [
          713.2864839380197,
          207.7777777777778
        ],
        "axesPx": {
          "x0": 40.027777777777786,
          "y0": 11.0,
          "w": 648.7717063492065,
          "h": 164.08333333333334
        },
        "tickPos": [
          0,
          10,
          20,
          30,
          40,
          50,
          60,
          70,
          80,
          90,
          100,
          104
        ],
        "tickLabels": [
          "01-01",
          "01-11",
          "01-21",
          "01-31",
          "02-10",
          "02-20",
          "03-02",
          "03-12",
          "03-22",
          "04-01",
          "04-11",
          "04-15"
        ],
        "yticks": [
          0.0,
          0.5,
          1.0,
          1.5,
          2.0
        ],
        "ytickLabels": [
          "0.0",
          "0.5",
          "1.0",
          "1.5",
          "2.0"
        ],
        "probe": {
          "p0": {
            "data": [
              0,
              0
            ],
            "px": [
              43.117166855631154,
              161.95666666666668
            ]
          },
          "pEnd": {
            "data": [
              104,
              1.0
            ],
            "px": [
              685.7100950491309,
              96.32333333333334
            ]
          }
        },
        "pngSize": [
          713,
          206
        ]
      }
    },
    {
      "id": "item_HJ7298短袖T",
      "货号": "HJ7298短袖T",
      "small": {
        "ylim": [
          -8.61,
          116.44
        ],
        "xlim": [
          -0.5,
          104.5
        ],
        "calcSize": [
          407.12002825018897,
          115.98888888888887
        ],
        "axesPx": {
          "x0": 8.8,
          "y0": 8.799999999999997,
          "w": 384.360734126984,
          "h": 98.38888888888887
        },
        "probe": {
          "p0": {
            "data": [
              0,
              0
            ],
            "px": [
              10.630289210128495,
              100.41457194899816
            ]
          },
          "pEnd": {
            "data": [
              104,
              82.0
            ],
            "px": [
              391.3304449168556,
              35.89726775956284
            ]
          }
        },
        "pngSize": [
          406,
          115
        ]
      },
      "detail": {
        "ylim": [
          -4.92,
          113.97999999999999
        ],
        "xlim": [
          -0.5,
          104.5
        ],
        "calcSize": [
          713.3032167422524,
          207.7777777777778
        ],
        "axesPx": {
          "x0": 43.54166666666667,
          "y0": 11.0,
          "w": 645.2578174603175,
          "h": 164.08333333333334
        },
        "tickPos": [
          0,
          10,
          20,
          30,
          40,
          50,
          60,
          70,
          80,
          90,
          100,
          104
        ],
        "tickLabels": [
          "01-01",
          "01-11",
          "01-21",
          "01-31",
          "02-10",
          "02-20",
          "03-02",
          "03-12",
          "03-22",
          "04-01",
          "04-11",
          "04-15"
        ],
        "yticks": [
          0.0,
          20.0,
          40.0,
          60.0,
          80.0,
          100.0
        ],
        "ytickLabels": [
          "0",
          "20",
          "40",
          "60",
          "80",
          "100"
        ],
        "probe": {
          "p0": {
            "data": [
              0,
              0
            ],
            "px": [
              46.61432294028723,
              168.29367816091957
            ]
          },
          "pEnd": {
            "data": [
              104,
              82.0
            ],
            "px": [
              685.7268278533637,
              55.13275862068966
            ]
          }
        },
        "pngSize": [
          713,
          206
        ]
      }
    },
    {
      "id": "item_FA90796长袖T",
      "货号": "FA90796长袖T",
      "small": {
        "ylim": [
          -4.305,
          58.22
        ],
        "xlim": [
          -0.5,
          104.5
        ],